[
	{
		"task": "copy-vendor-core-scripts",
		"cwd": "bower_components",
		"src": [
			"jquery/dist/jquery.js",
			"bootstrap/dist/js/bootstrap.js",
			"jquery.breakpoints/breakpoints.js",
			"jquery.nicescroll/jquery.nicescroll.js",
			"Grid-A-Licious/jquery.grid-a-licious.js",
			"isotope/dist/isotope.pkgd.js",
			"isotope-packery/packery-mode.pkgd.js",
			"jquery.cookie/jquery.cookie.js",
			"holderjs/holder.js",
			"handlebars/handlebars.js",
			"jquery.hotkeys/jquery.hotkeys.js",
			"load_image/load_image.js",
			"jquery-smartresize/jquery.debouncedresize.js",
			"modernizr/modernizr.js",
			"velocity/velocity.js"
		],
		"dest": "js/vendor/core",
		"flatten": true
	},
	{
		"task": "copy-vendor-jquery-ui-scripts",
		"cwd": "bower_components",
		"src": [
			"jquery-ui/ui/core.js",
			"jquery-ui/ui/widget.js",
			"jquery-ui/ui/mouse.js",
			"jquery-ui/ui/position.js",
			"jquery-ui/ui/draggable.js",
			"jquery-ui/ui/droppable.js",
			"jquery-ui/ui/resizable.js",
			"jquery-ui/ui/selectable.js",
			"jquery-ui/ui/sortable.js"
		],
		"dest": "js/vendor/core/jquery-ui",
		"flatten": true
	}
]